{"cameraMode":{"drawMode":0,"name":"Shaded","section":"Shading Mode"},"sceneLighting":false,"audioPlay":false,"sceneViewState":{"m_AlwaysRefresh":false,"showFog":true,"showSkybox":true,"showFlares":true,"showImageEffects":true,"showParticleSystems":true,"showVisualEffectGraphs":true,"m_FxEnabled":true},"in2DMode":false,"pivot":{"x":-0.13710477948188783,"y":12.27213191986084,"z":-21.162757873535158},"rotation":{"x":-0.4976159930229187,"y":-0.008577574044466019,"z":0.004935014061629772,"w":-0.8674688935279846},"size":4.231499195098877,"orthographic":false}